Anti_satellite_test_ban	Aid_to_nicaraguan_contras	Mx_missile	Immigration	Superfund_right_to_sue	Duty_free_exports	Export_south_africa	Party
n	n	n	y	y	y	y	democrat
n	n	n	y	y	n	y	republican
y	y	y	n	n	y	y	democrat
y	y	n	n	n	y	y	democrat
y	y	n	n	n	y	y	democrat
y	y	n	n	n	y	y	democrat
y	y	y	n	n	y	y	democrat
n	n	y	y	y	n	y	republican
y	y	y	n	n	y	y	democrat
n	n	n	y	y	n	n	republican
y	y	y	y	n	y	y	democrat
n	n	n	y	y	n	y	republican
y	y	n	n	n	y	y	democrat
n	n	n	y	y	n	n	republican
n	n	n	y	y	n	y	republican
n	n	y	y	y	n	n	republican
y	y	y	y	n	y	y	democrat
y	n	n	n	n	n	y	democrat
y	n	n	n	n	y	y	democrat
y	y	n	n	n	n	y	democrat
n	n	n	n	y	n	y	democrat
y	y	y	n	n	y	y	democrat
y	n	y	y	y	n	n	republican
n	y	y	y	y	n	n	republican
n	y	y	y	y	n	y	republican
n	n	y	y	y	n	y	republican
n	n	y	y	y	n	y	republican
n	n	n	y	y	n	n	republican
y	y	y	n	n	n	y	democrat
n	n	y	y	y	n	y	republican
n	y	y	y	y	n	y	republican
n	n	y	y	y	n	n	republican
y	y	n	n	n	y	y	democrat
y	y	y	n	y	n	y	republican
y	n	n	y	y	n	y	republican
y	y	y	n	y	y	y	democrat
y	y	n	y	y	n	n	democrat
y	y	y	y	y	n	y	democrat
y	y	n	y	y	n	y	democrat
n	n	n	n	y	n	n	republican
n	n	n	y	y	n	y	republican
n	n	n	n	y	n	n	republican
n	n	y	y	y	n	y	democrat
n	n	n	y	y	n	n	republican
n	n	n	n	y	n	n	republican
y	y	n	y	y	n	y	democrat
y	y	n	n	n	y	y	democrat
y	y	y	n	n	y	y	democrat
y	y	n	n	n	y	y	democrat
n	n	n	n	n	n	y	democrat
y	y	n	n	y	n	y	democrat
y	y	y	y	n	n	y	democrat
n	n	y	n	y	n	y	democrat
n	y	n	n	y	n	y	democrat
y	y	n	n	n	y	y	democrat
n	n	n	y	y	n	y	republican
y	n	n	n	n	y	y	democrat
y	y	n	n	n	y	y	democrat
n	n	y	y	y	n	y	republican
y	y	n	n	n	y	y	democrat
n	n	n	n	y	n	n	republican
n	n	n	n	y	n	y	republican
y	n	n	n	y	n	y	democrat
n	n	n	y	y	n	y	republican
n	n	n	y	y	n	n	republican
y	y	y	y	n	n	y	republican
y	n	n	n	y	n	y	democrat
y	y	n	n	n	y	y	democrat
y	n	n	y	y	n	y	republican
y	n	y	y	y	n	y	republican
n	n	n	y	y	n	y	republican
y	n	y	y	y	y	y	democrat
n	y	y	y	y	n	y	republican
y	n	n	y	n	y	y	democrat
y	n	y	y	y	n	y	republican
y	y	y	y	n	y	y	democrat
y	y	n	y	y	n	y	democrat
n	n	n	y	y	n	n	republican
n	n	y	y	y	n	n	republican
n	n	y	y	y	n	n	republican
n	n	n	y	y	y	y	democrat
n	n	n	y	y	n	y	democrat
n	y	y	y	y	n	y	democrat
n	n	y	y	y	n	y	republican
y	n	y	n	y	y	y	republican
y	y	y	n	y	y	y	republican
y	y	n	n	y	n	y	democrat
n	n	y	y	y	n	y	democrat
y	y	n	n	n	y	y	democrat
y	n	n	n	y	y	y	republican
y	y	n	n	n	y	y	democrat
y	y	n	n	n	y	y	democrat
y	y	n	n	n	y	y	democrat
y	y	y	n	n	y	y	democrat
y	n	n	n	n	y	y	democrat
n	y	n	n	y	y	y	democrat
n	n	n	n	n	y	y	democrat
n	n	n	n	y	y	y	democrat
y	y	n	n	n	y	y	democrat
y	y	y	y	n	y	y	democrat
y	y	n	n	n	y	y	democrat
n	n	y	y	y	n	y	republican
y	n	y	n	n	n	y	democrat
n	n	n	n	y	n	y	republican
y	y	y	y	n	n	y	democrat
y	n	n	n	n	y	y	democrat
n	n	y	y	y	n	y	republican
n	y	n	n	n	y	y	democrat
y	y	n	y	n	y	y	democrat
y	n	y	y	y	n	y	republican
n	n	y	y	y	n	n	republican
n	y	n	n	y	y	y	democrat
n	n	n	n	y	n	y	republican
n	y	n	n	y	y	y	democrat
y	n	y	y	y	n	y	republican
n	n	n	y	y	n	y	republican
y	n	y	y	y	n	y	republican
n	n	y	y	y	n	y	republican
n	n	n	n	y	n	y	republican
n	n	n	n	n	y	y	democrat
n	n	y	y	n	n	y	democrat
y	n	n	n	y	y	y	republican
y	y	n	n	y	y	y	democrat
y	n	n	n	n	y	y	democrat
y	y	y	n	n	y	y	democrat
n	n	n	y	y	n	n	republican
n	n	n	y	y	n	n	republican
y	y	y	n	n	y	y	democrat
n	n	n	y	y	n	y	republican
y	y	n	n	n	n	y	democrat
y	n	n	n	y	y	y	democrat
n	n	n	n	n	n	n	republican
n	y	n	n	n	y	y	democrat
y	n	n	n	n	n	y	democrat
y	y	n	n	n	n	y	democrat
y	y	n	n	n	n	y	democrat
n	n	n	n	y	n	y	republican
y	n	n	n	y	n	y	republican
y	n	n	n	n	n	y	democrat
y	y	n	n	n	y	y	democrat
y	n	n	n	y	y	y	republican
n	n	n	n	y	y	n	republican
y	n	n	n	y	n	y	republican
n	n	n	n	y	n	y	republican
n	n	n	y	y	n	n	republican
y	n	n	n	y	n	y	democrat
n	n	n	n	y	n	y	republican
y	y	y	n	n	y	y	democrat
y	y	n	y	y	y	y	democrat
